no_batch,penerima
61070001,1
61070002,1
61070003,1
61070004,1
61070005,1
61070006,1
61070007,1
61070008,1
61070009,1
61070010,1
61070011,1
61070012,1
61070013,1
61070014,1
61070015,1
61070016,1
61070017,1
61070018,1
61070019,1
61070020,1
61070021,1
61070022,1
61070023,1
61070024,1
61070025,1
61070026,1
61070027,1
61070028,1
61070029,1
61070030,1
61070031,1
61070032,1
61070033,1
61070034,1
61070035,1
61070036,1
61070037,1
61070038,1
61070039,1
61070040,1
61070041,1
61070042,1
61070043,1
61070044,1
61070045,1
61070046,1
61070047,1
61070048,1
61070049,1
61070050,1
61070051,1
61070052,1
61070053,1
61070054,1
61070055,1
61070056,1
61070057,1
61070058,1
61070059,1
61070060,1
61070061,1
61070062,1
61070063,1
61070064,1
61070065,1
61070066,1
61070067,1
61070068,1
61070069,1
61070070,1
61070071,1
61070072,1
61070073,1
61070074,1
61070075,1
61070076,1
61070077,1
61070078,1
61070079,1
61070080,1
61070081,1
61070082,1
61070083,1
61070084,1
61070085,1
61070086,1
61070087,1
61070088,1
61070089,1
61070090,1
61070091,1
61070092,1
61070093,1
61070094,1
61070095,1
61070096,1
61070097,1
61070098,1
61070099,1
61070100,1
61070101,1
61070102,1
61070103,1
61070104,1
61070105,1
61070106,1
61070107,1
61070108,1
61070109,1
61070110,1
61070111,1
61070112,1
61070113,1
61070114,1
61070115,1
61070116,1
61070117,1
61070118,1
61070119,1
61070120,1
61070121,1
61070122,1
61070123,1
61070124,1
61070125,1
61070126,1
61070127,1
61070128,1
61070129,1
61070130,1
61070131,1
61070132,1
61070133,1
61070134,1
61070135,1
61070136,1
61070137,1
61070138,1
61070139,1
61070140,1
61070141,1
61070142,1
61070143,1
61070144,1
61070145,1
61070146,1
61070147,1
61070148,1
61070149,1
61070150,1
61070151,1
61070152,1
61070153,1
61070154,1
61070155,1
61070156,1
61070157,1
61070158,1
61070159,1
61070160,1
61070161,1
61070162,1
61070163,1
61070164,1
61070165,1
61070166,1
61070167,1
61070168,1
61070169,1
61070170,1
61070171,1
61070172,1
61070173,1
61070174,1
61070175,1
61070176,1
61070177,1
61070178,1
61070179,1
61070180,1
61070181,1
61070182,1
61070183,1
61070184,1
61070185,1
61070186,1
61070187,1
61070188,1
61070189,1
61070190,1
61070191,1
61070192,1
61070193,1
61070194,1
61070195,1
61070196,1
61070197,1
61070198,1
61070199,1
61070200,1
61070201,1
61070202,1
61070203,1
61070204,1
61070205,1
61070206,1
61070207,1
61070208,1
61070209,1
61070210,1
61070211,1
61070212,1
61070213,1
61070214,1
61070215,1
61070216,1
61070217,1
61070218,1
61070219,1
61070220,1
61070221,1
61070222,1
61070223,1
61070224,1
61070225,1
61070226,1
61070227,1
61070228,1
61070229,1
61070230,1
61070231,1
61070232,1
61070233,1
61070234,1
61070235,1
61070236,1
61070237,1
61070238,1
61070239,1
61070240,1
61070241,1
61070242,1
61070243,1
61070244,1
61070245,1
61070246,1
61070247,1
61070248,1
61070249,1
61070250,1
61070251,1
61070252,1
61070253,1
61070254,1
61070255,1
61070256,1
61070257,1
61070258,1
61070259,1
61070260,1
61070261,1
61070262,1
61070263,1
61070264,1
61070265,1
61070266,1
61070267,1
61070268,1
61070269,1
61070270,1
61070271,1
61070272,1
61070273,1
61070274,1
61070275,1
61070276,1
61070277,1
61070278,1
61070279,1
61070280,1
61070281,1
61070282,1
61070283,1
61070284,1
61070285,1
61070286,1
61070287,1
61070288,1
61070289,1
61070290,1
61070291,1
61070292,1
61070293,1
61070294,1
61070295,1
61070296,1
61070297,1
61070298,1
61070299,1
61070300,1
61070301,1
61070302,1
61070303,1
61070304,1
61070305,1
61070306,1
61070307,1
61070308,1
61070309,1
61070310,1
61070311,1
61070312,1
61070313,1
61070314,1
61070315,1
61070316,1
61070317,1
61070318,1
61070319,1
61070320,1
61070321,1
61070322,1
61070323,1
61070324,1
61070325,1
61070326,1
61070327,1
61070328,1
61070329,1
61070330,1
61070331,1
61070332,1
61070333,1
61070334,1
61070335,1
61070336,1
61070337,1
61070338,1
61070339,1
61070340,1
61070341,1
61070342,1
61070343,1
61070344,1
61070345,1
61070346,1
61070347,1
61070348,1
61070349,1
61070350,1
61070351,1
61070352,1
61070353,1
61070354,1
61070355,1
61070356,1
61070357,1
61070358,1
61070359,1
61070360,1
61070361,1
61070362,1
61070363,1
61070364,1
61070365,1
61070366,1
61070367,1
61070368,1
61070369,1
61070370,1
61070371,1
61070372,1
61070373,1
61070374,1
61070375,1
61070376,1
61070377,1
61070378,1
61070379,1
61070380,1
61070381,1
61070382,1
61070383,1
61070384,1
61070385,1
61070386,1
61070387,1
61070388,1
61070389,1
61070390,1
61070391,1
61070392,1
61070393,1
61070394,1
61070395,1
61070396,1
61070397,1
61070398,1
61070399,1
61070400,1
61070401,1
61070402,1
61070403,1
61070404,1
61070405,1
61070406,1
61070407,1
61070408,1
61070409,1
61070410,1
61070411,1
61070412,1
61070413,1
61070414,1
61070415,1
61070416,1
61070417,1
61070418,1
61070419,1
61070420,1
61070421,1
61070422,1
61070423,1
61070424,1
61070425,1
61070426,1
61070427,1
61070428,1
61070429,1
61070430,1
61070431,1
61070432,1
61070433,1
61070434,1
61070435,1
61070436,1
61070437,1
61070438,1
61070439,1
61070440,1
61070441,1
61070442,1
61070443,1
61070444,1
61070445,1
61070446,1
61070447,1
61070448,1
61070449,1
61070450,1
61070451,1
61070452,1
61070453,1
61070454,1
61070455,1
61070456,1
61070457,1
61070458,1
61070459,1
61070460,1
61070461,1
61070462,1
61070463,1
61070464,1
61070465,1
61070466,1
61070467,1
61070468,1
61070469,1
61070470,1
61070471,1
61070472,1
61070473,1
61070474,1
61070475,1
61070476,1
61070477,1
61070478,1
61070479,1
61070480,1
61070481,1
61070482,1
61070483,1
61070484,1
61070485,1
61070486,1
61070487,1
61070488,1
61070489,1
61070490,1
61070491,1
61070492,1
61070493,1
61070494,1
61070495,1
61070496,1
61070497,1
61070498,1
61070499,1
61070500,1
61070501,1
61070502,1
61070503,1
61070504,1
61070505,1
61070506,1
61070507,1
61070508,1
61070509,1
61070510,1
61070511,1
61070512,1
61070513,1
61070514,1
61070515,1
61070516,1
61070517,1
61070518,1
61070519,1
61070520,1
61070521,1
61070522,1
61070523,1
61070524,1
61070525,1
61070526,1
61070527,1
61070528,1
61070529,1
61070530,1
61070531,1
61070532,1
61070533,1
61070534,1
61070535,1
61070536,1
61070537,1
61070538,1
61070539,1
61070540,1
61070541,1
61070542,1
61070543,1
61070544,1
61070545,1
61070546,1
61070547,1
61070548,1
61070549,1
61070550,1
61070551,1
61070552,1
61070553,1
61070554,1
61070555,1
61070556,1
61070557,1
61070558,1
61070559,1
61070560,1
61070561,1
61070562,1
61070563,1
61070564,1
61070565,1
61070566,1
61070567,1
61070568,1
61070569,1
61070570,1
61070571,1
61070572,1
61070573,1
61070574,1
61070575,1
61070576,1
61070577,1
61070578,1
61070579,1
61070580,1
61070581,1
61070582,1
61070583,1
61070584,1
61070585,1
61070586,1
61070587,1
61070588,1
61070589,1
61070590,1
61070591,1
61070592,1
61070593,1
61070594,1
61070595,1
61070596,1
61070597,1
61070598,1
61070599,1
61070600,1
61070601,1
61070602,1
61070603,1
61070604,1
61070605,1
61070606,1
61070607,1
61070608,1
61070609,1
61070610,1
61070611,1
61070612,1
61070613,1
61070614,1
61070615,1
61070616,1
61070617,1
61070618,1
61070619,1
61070620,1
61070621,1
61070622,1
61070623,1
61070624,1
61070625,1
61070626,1
61070627,1
61070628,1
61070629,1
61070630,1
61070631,1
61070632,1
61070633,1
61070634,1
61070635,1
61070636,1
61070637,1
61070638,1
61070639,1
61070640,1
61070641,1
61070642,1
61070643,1
61070644,1
61070645,1
61070646,1
61070647,1
61070648,1
61070649,1
61070650,1
61070651,1
61070652,1
61070653,1
61070654,1
61070655,1
61070656,1
61070657,1
61070658,1
61070659,1
61070660,1
61070661,1
61070662,1
61070663,1
61070664,1
61070665,1
61070666,1
61070667,1
61070668,1
61070669,1
61070670,1
61070671,1
61070672,1
61070673,1
61070674,1
61070675,1
61070676,1
61070677,1
61070678,1
61070679,1
61070680,1
61070681,1
61070682,1
61070683,1
61070684,1
61070685,1
61070686,1
61070687,1
61070688,1
61070689,1
61070690,1
61070691,1
61070692,1
61070693,1
61070694,1
61070695,1
61070696,1
61070697,1
61070698,1
61070699,1
61070700,1
61070701,1
61070702,1
61070703,1
61070704,1
61070705,1
61070706,1
61070707,1
61070708,1
61070709,1
61070710,1
61070711,1
61070712,1
61070713,1
61070714,1
61070715,1
61070716,1
61070717,1
61070718,1
61070719,1
61070720,1
61070721,1
61070722,1
61070723,1
61070724,1
61070725,1
61070726,1
61070727,1
61070728,1
61070729,1
61070730,1
61070731,1
61070732,1
61070733,1
61070734,1
61070735,1
61070736,1
61070737,1
61070738,1
61070739,1
61070740,1
61070741,1
61070742,1
61070743,1
61070744,1
61070745,1
61070746,1
61070747,1
61070748,1
61070749,1
61070750,1
61070751,1
61070752,1
61070753,1
61070754,1
61070755,1
61070756,1
61070757,1
61070758,1
61070759,1
61070760,1
61070761,1
61070762,1
61070763,1
61070764,1
61070765,1
61070766,1
61070767,1
61070768,1
61070769,1
61070770,1
61070771,1
61070772,1
61070773,1
61070774,1
61070775,1
61070776,1
61070777,1
61070778,1
61070779,1
61070780,1
61070781,1
61070782,1
61070783,1
61070784,1
61070785,1
61070786,1
61070787,1
61070788,1
61070789,1
61070790,1
61070791,1
61070792,1
61070793,1
61070794,1
61070795,1
61070796,1
61070797,1
61070798,1
61070799,1
61070800,1
61070801,1
61070802,1
61070803,1
61070804,1
61070805,1
61070806,1
61070807,1
61070808,1
61070809,1
61070810,1
61070811,1
61070812,1
61070813,1
61070814,1
61070815,1
61070816,1
61070817,1
61070818,1
61070819,1
61070820,1
61070821,1
61070822,1
61070823,1
61070824,1
61070825,1
61070826,1
61070827,1
61070828,1
61070829,1
61070830,1
61070831,1
61070832,1
61070833,1
61070834,1
61070835,1
61070836,1
61070837,1
61070838,1
61070839,1
61070840,1
61070841,1
61070842,1
61070843,1
61070844,1
61070845,1
61070846,1
61070847,1
61070848,1
61070849,1
61070850,1
61070851,1
61070852,1
61070853,1
61070854,1
61070855,1
61070856,1
61070857,1
61070858,1
61070859,1
61070860,1
61070861,1
61070862,1
61070863,1
61070864,1
61070865,1
61070866,1
61070867,1
61070868,1
61070869,1
61070870,1
61070871,1
61070872,1
61070873,1
61070874,1
61070875,1
61070876,1
61070877,1
61070878,1
61070879,1
61070880,1
61070881,1
61070882,1
61070883,1
61070884,1
61070885,1
61070886,1
61070887,1
61070888,1
61070889,1
61070890,1
61070891,1
61070892,1
61070893,1
61070894,1
61070895,1
61070896,1
61070897,1
61070898,1
61070899,1
61070900,1
61070901,1
61070902,1
61070903,1
61070904,1
61070905,1
61070906,1
61070907,1
61070908,1
61070909,1
61070910,1
61070911,1
61070912,1
61070913,1
61070914,1
61070915,1
61070916,1
61070917,1
61070918,1
61070919,1
61070920,1
61070921,1
61070922,1
61070923,1
61070924,1
61070925,1
61070926,1
61070927,1
61070928,1
61070929,1
61070930,1
61070931,1
61070932,1
61070933,2
61070934,2
61070935,2
61070936,2
61070937,2
61070938,2
61070939,2
61070940,2
61070941,2
61070942,2
61070943,2
61070944,2
61070945,2
61070946,2
61070947,2
61070948,2
61070949,2
61070950,2
61070951,2
61070952,2
61070953,2
61070954,2
61070955,2
61070956,2
61070957,2
61070958,2
61070959,2
61070960,2
61070961,2
61070962,2
61070963,2
61070964,2
61070965,2
61070966,2
61070967,2
61070968,2
61070969,2
61070970,2
61070971,2
61070972,2
61070973,2
61070974,2
61070975,2
61070976,2
61070977,2
61070978,2
61070979,2
61070980,2
61070981,2
61070982,2
61070983,2
61070984,2
61070985,2
61070986,2
61070987,2
61070988,2
61070989,2
61070990,2
61070991,2
61070992,2
61070993,2
61070994,2
61070995,2
61070996,2
61070997,2
61070998,2
61070999,2
61071000,2
61071001,2
61071002,2
61071003,2
61071004,2
61071005,2
61071006,2
61071007,2
61071008,2
61071009,2
61071010,2
61071011,2
61071012,2
61071013,2
61071014,2
61071015,2
61071016,2
61071017,2
61071018,2
61071019,2
61071020,2
61071021,2
61071022,2
61071023,2
61071024,2
61071025,2
61071026,2
61071027,2
61071028,2
61071029,2
61071030,2
61071031,2
61071032,2
61071033,2
61071034,2
61071035,2
61071036,2
61071037,2
61071038,2
61071039,2
61071040,2
61071041,2
61071042,2
61071043,2
61071044,2
61071045,2
61071046,2
61071047,2
61071048,2
61071049,2
61071050,2
61071051,2
61071052,2
61071053,2
61071054,2
61071055,2
61071056,2
61071057,2
61071058,2
61071059,2
61071060,2
61071061,2
61071062,2
61071063,2
61071064,2
61071065,2
61071066,2
61071067,2
61071068,2
61071069,2
61071070,2
61071071,2
61071072,2
61071073,2
61071074,2
61071075,2
61071076,2
61071077,2
61071078,2
61071079,2
61071080,2
61071081,2
61071082,2
61071083,2
61071084,2
61071085,2
61071086,2
61071087,2
61071088,2
61071089,2
61071090,2
61071091,2
61071092,2
61071093,2
61071094,2
61071095,2
61071096,2
61071097,2
61071098,2
61071099,2
61071100,2
61071101,2
61071102,2
61071103,2
61071104,2
61071105,2
61071106,2
61071107,2
61071108,2
61071109,2
61071110,2
61071111,2
61071112,2
61071113,2
61071114,2
61071115,2
61071116,2
61071117,2
61071118,2
61071119,2
61071120,2
61071121,2
61071122,2
61071123,2
61071124,2
61071125,2
61071126,2
61071127,2
61071128,2
61071129,2
61071130,2
61071131,2
61071132,2
61071133,2
61071134,2
61071135,2
61071136,2
61071137,2
61071138,2
61071139,2
61071140,2
61071141,2
61071142,2
61071143,2
61071144,2
61071145,2
61071146,2
61071147,2
61071148,2
61071149,2
61071150,2
61071151,2
61071152,2
61071153,2
61071154,2
61071155,2
61071156,2
61071157,2
61071158,2
61071159,2
61071160,2
61071161,2
61071162,2
61071163,2
61071164,2
61071165,2
61071166,2
61071167,2
61071168,2
61071169,2
61071170,2
61071171,2
61071172,2
61071173,2
61071174,2
61071175,2
61071176,2
61071177,2
61071178,2
61071179,2
61071180,2
61071181,2
61071182,2
61071183,2
61071184,2
61071185,2
61071186,2
61071187,2
61071188,2
61071189,2
61071190,2
61071191,2
61071192,2
61071193,2
61071194,2
61071195,2
61071196,2
61071197,2
61071198,2
61071199,2
61071200,2
61071201,2
61071202,2
61071203,2
61071204,2
61071205,2
61071206,2
61071207,2
61071208,2
61071209,2
61071210,2
61071211,2
61071212,2
61071213,2
61071214,2
61071215,2
61071216,2
61071217,2
61071218,2
61071219,2
61071220,2
61071221,2
61071222,2
61071223,2
61071224,2
61071225,2
61071226,2
61071227,2
61071228,2
61071229,2
61071230,2
61071231,2
61071232,2
61071233,2
61071234,2
61071235,2
61071236,2
61071237,2
61071238,2
61071239,2
61071240,2
61071241,2
61071242,2
61071243,2
61071244,2
61071245,2
61071246,2
61071247,2
61071248,2
61071249,2
61071250,2
61071251,2
61071252,2
61071253,2
61071254,2
61071255,2
61071256,2
61071257,2
61071258,2
61071259,2
61071260,2
61071261,2
61071262,2
61071263,2
61071264,2
61071265,2
61071266,2
61071267,2
61071268,2
61071269,2
61071270,2
61071271,2
61071272,2
61071273,2
61071274,2
61071275,2
61071276,2
61071277,2
61071278,2
61071279,2
61071280,2
61071281,2
61071282,2
61071283,2
61071284,2
61071285,2
61071286,2
61071287,2
61071288,2
61071289,2
61071290,2
61071291,2
61071292,2
61071293,2
61071294,2
61071295,2
61071296,2
61071297,2
61071298,2
61071299,2
61071300,2
61071301,2
61071302,2
61071303,2
61071304,2
61071305,2
61071306,2
61071307,2
61071308,2
61071309,2
61071310,2
61071311,2
61071312,2
61071313,2
61071314,2
61071315,2
61071316,2
61071317,2
61071318,2
61071319,2
61071320,2
61071321,2
61071322,2
61071323,2
61071324,2
61071325,2
61071326,2
61071327,2
61071328,2
61071329,2
61071330,2
61071331,2
61071332,2
61071333,2
61071334,2
61071335,2
61071336,2
61071337,2
61071338,2
61071339,2
61071340,2
61071341,2
61071342,2
61071343,2
61071344,2
61071345,2
61071346,2
61071347,2
61071348,2
61071349,2
61071350,2
61071351,2
61071352,2
61071353,2
61071354,2
61071355,2
61071356,2
61071357,2
61071358,2
61071359,2
61071360,2
61071361,2
61071362,2
61071363,2
61071364,2
61071365,2
61071366,2
61071367,2
61071368,2
61071369,2
61071370,2
61071371,2
61071372,2
61071373,2
61071374,2
61071375,2
61071376,2
61071377,2
61071378,2
61071379,2
61071380,2
61071381,2
61071382,2
61071383,2
61071384,2
61071385,2
61071386,2
61071387,2
61071388,2
61071389,2
61071390,2
61071391,2
61071392,2
61071393,2
61071394,2
61071395,2
61071396,2
61071397,2
61071398,2
61071399,2
61071400,2
61071401,2
61071402,2
61071403,2
61071404,2
61071405,2
61071406,2
61071407,2
61071408,2
61071409,2
61071410,2
61071411,2
61071412,2
61071413,2
61071414,2
61071415,2
61071416,2
61071417,2
61071418,2
61071419,2
61071420,2
61071421,2
61071422,2
61071423,2
61071424,2
61071425,2
61071426,2
61071427,2
61071428,2
61071429,2
61071430,2
61071431,2
61071432,2
61071433,2
61071434,2
61071435,2
61071436,2
61071437,2
61071438,2
61071439,2
61071440,2
61071441,2
61071442,2
61071443,2
61071444,2
61071445,2
61071446,2
61071447,2
61071448,2
61071449,2
61071450,2
61071451,2
61071452,2
61071453,2
61071454,2
61071455,2
61071456,2
61071457,2
61071458,2
61071459,2
61071460,2
61071461,2
61071462,2
61071463,2
61071464,2
61071465,2
61071466,2
61071467,2
61071468,2
61071469,2
61071470,2
61071471,2
61071472,2
61071473,2
61071474,2
61071475,2
61071476,2
61071477,2
61071478,2
61071479,2
61071480,2
61071481,2
61071482,2
61071483,2
61071484,2
61071485,2
61071486,2
61071487,2
61071488,2
61071489,2
61071490,2
61071491,2
61071492,2
61071493,2
61071494,2
61071495,2
61071496,2
61071497,2
61071498,2
61071499,2
61071500,2
61071501,2
61071502,2
61071503,2
61071504,2
61071505,2
61071506,2
61071507,2
61071508,2
61071509,2
61071510,2
61071511,2
61071512,2
61071513,2
61071514,2
61071515,2
61071516,2
61071517,2
61071518,2
61071519,2
61071520,2
61071521,2
61071522,2
61071523,2
61071524,2
61071525,2
61071526,2
61071527,2
61071528,2
61071529,2
61071530,2
61071531,2
61071532,2
61071533,2
61071534,2
61071535,2
61071536,2
61071537,2
61071538,2
61071539,2
61071540,2
61071541,2
61071542,2
61071543,2
61071544,2
61071545,2
61071546,2
61071547,2
61071548,2
61071549,2
61071550,2
61071551,2
61071552,2
61071553,2
61071554,2
61071555,2
61071556,2
61071557,2
61071558,2
61071559,2
61071560,2
61071561,2
61071562,2
61071563,2
61071564,2
61071565,2
61071566,2
61071567,2
61071568,2
61071569,2
61071570,2
61071571,2
61071572,2
61071573,2
61071574,2
61071575,2
61071576,2
61071577,2
61071578,2
61071579,2
61071580,2
61071581,2
61071582,2
61071583,2
61071584,2
61071585,2
61071586,2
61071587,2
61071588,2
61071589,2
61071590,2
61071591,2
61071592,2
61071593,2
61071594,2
61071595,2
61071596,2
61071597,2
61071598,2
61071599,2
61071600,2
61071601,2
61071602,2
61071603,2
61071604,2
61071605,2
61071606,2
61071607,2
61071608,2
61071609,2
61071610,2
61071611,2
61071612,2
61071613,2
61071614,2
61071615,2
61071616,2
61071617,2
61071618,2
61071619,2
61071620,2
61071621,2
61071622,2
61071623,2
61071624,2
61071625,2
61071626,2
61071627,2
61071628,2
61071629,2
61071630,2
61071631,2
61071632,2
61071633,2
61071634,2
61071635,2
61071636,2
61071637,2
61071638,2
61071639,2
61071640,2
61071641,2
61071642,2
61071643,2
61071644,2
61071645,2
61071646,2
61071647,2
61071648,2
61071649,2
61071650,2
61071651,2
61071652,2
61071653,2
61071654,2
61071655,2
61071656,2
61071657,2
61071658,2
61071659,2
61071660,2
61071661,2
61071662,2
61071663,2
61071664,2
61071665,2
61071666,2
61071667,2
61071668,2
61071669,2
61071670,2
61071671,2
61071672,2
61071673,2
61071674,2
61071675,2
61071676,2
61071677,2
61071678,2
61071679,2
61071680,2
61071681,2
61071682,2
61071683,2
61071684,2
61071685,2
61071686,2
61071687,2
61071688,2
61071689,2
61071690,2
61071691,2
61071692,2
61071693,2
61071694,2
61071695,2
61071696,2
61071697,2
61071698,2
61071699,2
61071700,2
61071701,2
61071702,2
61071703,2
61071704,2
61071705,2
61071706,2
61071707,2
61071708,2
61071709,2
61071710,2
61071711,2
61071712,2
61071713,2
61071714,2
61071715,2
61071716,2
61071717,2
61071718,2
61071719,2
61071720,2
61071721,2
61071722,2
61071723,2
61071724,2
61071725,2
61071726,2
61071727,2
61071728,2
61071729,2
61071730,2
61071731,2
61071732,2
61071733,2
61071734,2
61071735,2
61071736,2
61071737,2
61071738,2
61071739,2
61071740,2
61071741,2
61071742,2
61071743,2
61071744,2
61071745,2
61071746,2
61071747,2
61071748,2
61071749,2
61071750,2
61071751,2
61071752,2
61071753,2
61071754,2
61071755,2
61071756,2
61071757,2
61071758,2
61071759,2
61071760,2
61071761,2
61071762,2
61071763,2
61071764,2
61071765,2
61071766,2
61071767,2
61071768,2
61071769,2
61071770,2
61071771,2
61071772,2
61071773,2
61071774,2
61071775,2
61071776,2
61071777,2
61071778,2
61071779,2
61071780,2
61071781,2
61071782,2
61071783,2
61071784,2
61071785,2
61071786,2
61071787,2
61071788,2
61071789,2
61071790,2
61071791,2
61071792,2
61071793,2
61071794,2
61071795,2
61071796,2
61071797,2
61071798,2
61071799,2
61071800,2
61071801,2
61071802,2
61071803,2
61071804,2
61071805,2
61071806,2
61071807,2
61071808,2
61071809,2
61071810,2
61071811,2
61071812,2
61071813,2
61071814,2
61071815,2
61071816,2
61071817,2
61071818,2
61071819,2
61071820,2
61071821,2
61071822,2
61071823,2
61071824,2
61071825,2
61071826,2
61071827,2
61071828,2
61071829,2
61071830,2
61071831,2
61071832,2
61071833,2
61071834,2
61071835,2
61071836,2
61071837,2
61071838,2
61071839,2
61071840,2
61071841,2
61071842,2
61071843,2
61071844,2
61071845,2
61071846,2
61071847,2
61071848,2
61071849,2
61071850,2
61071851,2
61071852,2
61071853,2
61071854,2
61071855,2
61071856,2
61071857,2
61071858,2
61071859,2
61071860,2
61071861,2
61071862,2
61071863,2
61071864,2
61071865,2
61071866,3
61071867,3
61071868,3
61071869,3
61071870,3
61071871,3
61071872,3
61071873,3
61071874,3
61071875,3
61071876,3
61071877,3
61071878,3
61071879,3
61071880,3
61071881,3
61071882,3
61071883,3
61071884,3
61071885,3
61071886,3
61071887,3
61071888,3
61071889,3
61071890,3
61071891,3
61071892,3
61071893,3
61071894,3
61071895,3
61071896,3
61071897,3
61071898,3
61071899,3
61071900,3
61071901,3
61071902,3
61071903,3
61071904,3
61071905,3
61071906,3
61071907,3
61071908,3
61071909,3
61071910,3
61071911,3
61071912,3
61071913,3
61071914,3
61071915,3
61071916,3
61071917,3
61071918,3
61071919,3
61071920,3
61071921,3
61071922,3
61071923,3
61071924,3
61071925,3
61071926,3
61071927,3
61071928,3
61071929,3
61071930,3
61071931,3
61071932,3
61071933,3
61071934,3
61071935,3
61071936,3
61071937,3
61071938,3
61071939,3
61071940,3
61071941,3
61071942,3
61071943,3
61071944,3
61071945,3
61071946,3
61071947,3
61071948,3
61071949,3
61071950,3
61071951,3
61071952,3
61071953,3
61071954,3
61071955,3
61071956,3
61071957,3
61071958,3
61071959,3
61071960,3
61071961,3
61071962,3
61071963,3
61071964,3
61071965,3
61071966,3
61071967,3
61071968,3
61071969,3
61071970,3
61071971,3
61071972,3
61071973,3
61071974,3
61071975,3
61071976,3
61071977,3
61071978,3
61071979,3
61071980,3
61071981,3
61071982,3
61071983,3
61071984,3
61071985,3
61071986,3
61071987,3
61071988,3
61071989,3
61071990,3
61071991,3
61071992,3
61071993,3
61071994,3
61071995,3
61071996,3
61071997,3
61071998,3
61071999,3
61072000,3
61072001,3
61072002,3
61072003,3
61072004,3
61072005,3
61072006,3
61072007,3
61072008,3
61072009,3
61072010,3
61072011,3
61072012,3
61072013,3
61072014,3
61072015,3
61072016,3
61072017,3
61072018,3
61072019,3
61072020,3
61072021,3
61072022,3
61072023,3
61072024,3
61072025,3
61072026,3
61072027,3
61072028,3
61072029,3
61072030,3
61072031,3
61072032,3
61072033,3
61072034,3
61072035,3
61072036,3
61072037,3
61072038,3
61072039,3
61072040,3
61072041,3
61072042,3
61072043,3
61072044,3
61072045,3
61072046,3
61072047,3
61072048,3
61072049,3
61072050,3
61072051,3
61072052,3
61072053,3
61072054,3
61072055,3
61072056,3
61072057,3
61072058,3
61072059,3
61072060,3
61072061,3
61072062,3
61072063,3
61072064,3
61072065,3
61072066,3
61072067,3
61072068,3
61072069,3
61072070,3
61072071,3
61072072,3
61072073,3
61072074,3
61072075,3
61072076,3
61072077,3
61072078,3
61072079,3
61072080,3
61072081,3
61072082,3
61072083,3
61072084,3
61072085,3
61072086,3
61072087,3
61072088,3
61072089,3
61072090,3
61072091,3
61072092,3
61072093,3
61072094,3
61072095,3
61072096,3
61072097,3
61072098,3
61072099,3
61072100,3
61072101,3
61072102,3
61072103,3
61072104,3
61072105,3
61072106,3
61072107,3
61072108,3
61072109,3
61072110,3
61072111,3
61072112,3
61072113,3
61072114,3
61072115,3
61072116,3
61072117,3
61072118,3
61072119,3
61072120,3
61072121,3
61072122,3
61072123,3
61072124,3
61072125,3
61072126,3
61072127,3
61072128,3
61072129,3
61072130,3
61072131,3
61072132,3
61072133,3
61072134,3
61072135,3
61072136,3
61072137,3
61072138,3
61072139,3
61072140,3
61072141,3
61072142,3
61072143,3
61072144,3
61072145,3
61072146,3
61072147,3
61072148,3
61072149,3
61072150,3
61072151,3
61072152,3
61072153,3
61072154,3
61072155,3
61072156,3
61072157,3
61072158,3
61072159,3
61072160,3
61072161,3
61072162,3
61072163,3
61072164,3
61072165,3
61072166,3
61072167,3
61072168,3
61072169,3
61072170,3
61072171,3
61072172,3
61072173,3
61072174,3
61072175,3
61072176,3
61072177,3
61072178,3
61072179,3
61072180,3
61072181,3
61072182,3
61072183,3
61072184,3
61072185,3
61072186,3
61072187,3
61072188,3
61072189,3
61072190,3
61072191,3
61072192,3
61072193,3
61072194,3
61072195,3
61072196,3
61072197,3
61072198,3
61072199,3
61072200,3
61072201,3
61072202,3
61072203,3
61072204,3
61072205,3
61072206,3
61072207,3
61072208,3
61072209,3
61072210,3
61072211,3
61072212,3
61072213,3
61072214,3
61072215,3
61072216,3
61072217,3
61072218,3
61072219,3
61072220,3
61072221,3
61072222,3
61072223,3
61072224,3
61072225,3
61072226,3
61072227,3
61072228,3
61072229,3
61072230,3
61072231,3
61072232,3
61072233,3
61072234,3
61072235,3
61072236,3
61072237,3
61072238,3
61072239,3
61072240,3
61072241,3
61072242,3
61072243,3
61072244,3
61072245,3
61072246,3
61072247,3
61072248,3
61072249,3
61072250,3
61072251,3
61072252,3
61072253,3
61072254,3
61072255,3
61072256,3
61072257,3
61072258,3
61072259,3
61072260,3
61072261,3
61072262,3
61072263,3
61072264,3
61072265,3
61072266,3
61072267,3
61072268,3
61072269,3
61072270,3
61072271,3
61072272,3
61072273,3
61072274,3
61072275,3
61072276,3
61072277,3
61072278,3
61072279,3
61072280,3
61072281,3
61072282,3
61072283,3
61072284,3
61072285,3
61072286,3
61072287,3
61072288,3
61072289,3
61072290,3
61072291,3
61072292,3
61072293,3
61072294,3
61072295,3
61072296,3
61072297,3
61072298,3
61072299,3
61072300,3
61072301,3
61072302,3
61072303,3
61072304,3
61072305,3
61072306,3
61072307,3
61072308,3
61072309,3
61072310,3
61072311,3
61072312,3
61072313,3
61072314,3
61072315,3
61072316,3
61072317,3
61072318,3
61072319,3
61072320,3
61072321,3
61072322,3
61072323,3
61072324,3
61072325,3
61072326,3
61072327,3
61072328,3
61072329,3
61072330,3
61072331,3
61072332,3
61072333,3
61072334,3
61072335,3
61072336,3
61072337,3
61072338,3
61072339,3
61072340,3
61072341,3
61072342,3
61072343,3
61072344,3
61072345,3
61072346,3
61072347,3
61072348,3
61072349,3
61072350,3
61072351,3
61072352,3
61072353,3
61072354,3
61072355,3
61072356,3
61072357,3
61072358,3
61072359,3
61072360,3
61072361,3
61072362,3
61072363,3
61072364,3
61072365,3
61072366,3
61072367,3
61072368,3
61072369,3
61072370,3
61072371,3
61072372,3
61072373,3
61072374,3
61072375,3
61072376,3
61072377,3
61072378,3
61072379,3
61072380,3
61072381,3
61072382,3
61072383,3
61072384,3
61072385,3
61072386,3
61072387,3
61072388,3
61072389,3
61072390,3
61072391,3
61072392,3
61072393,3
61072394,3
61072395,3
61072396,3
61072397,3
61072398,3
61072399,3
61072400,3
61072401,3
61072402,3
61072403,3
61072404,3
61072405,3
61072406,3
61072407,3
61072408,3
61072409,3
61072410,3
61072411,3
61072412,3
61072413,3
61072414,3
61072415,3
61072416,3
61072417,3
61072418,3
61072419,3
61072420,3
61072421,3
61072422,3
61072423,3
61072424,3
61072425,3
61072426,3
61072427,3
61072428,3
61072429,3
61072430,3
61072431,3
61072432,3
61072433,3
61072434,3
61072435,3
61072436,3
61072437,3
61072438,3
61072439,3
61072440,3
61072441,3
61072442,3
61072443,3
61072444,3
61072445,3
61072446,3
61072447,3
61072448,3
61072449,3
61072450,3
61072451,3
61072452,3
61072453,3
61072454,3
61072455,3
61072456,3
61072457,3
61072458,3
61072459,3
61072460,3
61072461,3
61072462,3
61072463,3
61072464,3
61072465,3
61072466,3
61072467,3
61072468,3
61072469,3
61072470,3
61072471,3
61072472,3
61072473,3
61072474,3
61072475,3
61072476,3
61072477,3
61072478,3
61072479,3
61072480,3
61072481,3
61072482,3
61072483,3
61072484,3
61072485,3
61072486,3
61072487,3
61072488,3
61072489,3
61072490,3
61072491,3
61072492,3
61072493,3
61072494,3
61072495,3
61072496,3
61072497,3
61072498,3
61072499,3
61072500,3
61072501,3
61072502,3
61072503,3
61072504,3
61072505,3
61072506,3
61072507,3
61072508,3
61072509,3
61072510,3
61072511,3
61072512,3
61072513,3
61072514,3
61072515,3
61072516,3
61072517,3
61072518,3
61072519,3
61072520,3
61072521,3
61072522,3
61072523,3
61072524,3
61072525,3
61072526,3
61072527,3
61072528,3
61072529,3
61072530,3
61072531,3
61072532,3
61072533,3
61072534,3
61072535,3
61072536,3
61072537,3
61072538,3
61072539,3
61072540,3
61072541,3
61072542,3
61072543,3
61072544,3
61072545,3
61072546,3
61072547,3
61072548,3
61072549,3
61072550,3
61072551,3
61072552,3
61072553,3
61072554,3
61072555,3
61072556,3
61072557,3
61072558,3
61072559,3
61072560,3
61072561,3
61072562,3
61072563,3
61072564,3
61072565,3
61072566,3
61072567,3
61072568,3
61072569,3
61072570,3
61072571,3
61072572,3
61072573,3
61072574,3
61072575,3
61072576,3
61072577,3
61072578,3
61072579,3
61072580,3
61072581,3
61072582,3
61072583,3
61072584,3
61072585,3
61072586,3
61072587,3
61072588,3
61072589,3
61072590,3
61072591,3
61072592,3
61072593,3
61072594,3
61072595,3
61072596,3
61072597,3
61072598,3
61072599,3
61072600,3
61072601,3
61072602,3
61072603,3
61072604,3
61072605,3
61072606,3
61072607,3
61072608,3
61072609,3
61072610,3
61072611,3
61072612,3
61072613,3
61072614,3
61072615,3
61072616,3
61072617,3
61072618,3
61072619,3
61072620,3
61072621,3
61072622,3
61072623,3
61072624,3
61072625,3
61072626,3
61072627,3
61072628,3
61072629,3
61072630,3
61072631,3
61072632,3
61072633,3
61072634,3
61072635,3
61072636,3
61072637,3
61072638,3
61072639,3
61072640,3
61072641,3
61072642,3
61072643,3
61072644,3
61072645,3
61072646,3
61072647,3
61072648,3
61072649,3
61072650,3
61072651,3
61072652,3
61072653,3
61072654,3
61072655,3
61072656,3
61072657,3
61072658,3
61072659,3
61072660,3
61072661,3
61072662,3
61072663,3
61072664,3
61072665,3
61072666,3
61072667,3
61072668,3
61072669,3
61072670,3
61072671,3
61072672,3
61072673,3
61072674,3
61072675,3
61072676,3
61072677,3
61072678,3
61072679,3
61072680,3
61072681,3
61072682,3
61072683,3
61072684,3
61072685,3
61072686,3
61072687,3
61072688,3
61072689,3
61072690,3
61072691,3
61072692,3
61072693,3
61072694,3
61072695,3
61072696,3
61072697,3
61072698,3
61072699,3
61072700,3
61072701,3
61072702,3
61072703,3
61072704,3
61072705,3
61072706,3
61072707,3
61072708,3
61072709,3
61072710,3
61072711,3
61072712,3
61072713,3
61072714,3
61072715,3
61072716,3
61072717,3
61072718,3
61072719,3
61072720,3
61072721,3
61072722,3
61072723,3
61072724,3
61072725,3
61072726,3
61072727,3
61072728,3
61072729,3
61072730,3
61072731,3
61072732,3
61072733,3
61072734,3
61072735,3
61072736,3
61072737,3
61072738,3
61072739,3
61072740,3
61072741,3
61072742,3
61072743,3
61072744,3
61072745,3
61072746,3
61072747,3
61072748,3
61072749,3
61072750,3
61072751,3
61072752,3
61072753,3
61072754,3
61072755,3
61072756,3
61072757,3
61072758,3
61072759,3
61072760,3
61072761,3
61072762,3
61072763,3
61072764,3
61072765,3
61072766,3
61072767,3
61072768,3
61072769,3
61072770,3
61072771,3
61072772,3
61072773,3
61072774,3
61072775,3
61072776,3
61072777,3
61072778,3
61072779,3
61072780,3
61072781,3
61072782,3
61072783,3
61072784,3
61072785,3
61072786,3
61072787,3
61072788,3
61072789,3
61072790,3
61072791,3
61072792,3
61072793,3
61072794,3
61072795,3
61072796,3
61072797,3
61072798,3
61072799,4
61072800,4
61072801,4
61072802,4
61072803,4
61072804,4
61072805,4
61072806,4
61072807,4
61072808,4
61072809,4
61072810,4
61072811,4
61072812,4
61072813,4
61072814,4
61072815,4
61072816,4
61072817,4
61072818,4
61072819,4
61072820,4
61072821,4
61072822,4
61072823,4
61072824,4
61072825,4
61072826,4
61072827,4
61072828,4
61072829,4
61072830,4
61072831,4
61072832,4
61072833,4
61072834,4
61072835,4
61072836,4
61072837,4
61072838,4
61072839,4
61072840,4
61072841,4
61072842,4
61072843,4
61072844,4
61072845,4
61072846,4
61072847,4
61072848,4
61072849,4
61072850,4
61072851,4
61072852,4
61072853,4
61072854,4
61072855,4
61072856,4
61072857,4
61072858,4
61072859,4
61072860,4
61072861,4
61072862,4
61072863,4
61072864,4
61072865,4
61072866,4
61072867,4
61072868,4
61072869,4
61072870,4
61072871,4
61072872,4
61072873,4
61072874,4
61072875,4
61072876,4
61072877,4
61072878,4
61072879,4
61072880,4
61072881,4
61072882,4
61072883,4
61072884,4
61072885,4
61072886,4
61072887,4
61072888,4
61072889,4
61072890,4
61072891,4
61072892,4
61072893,4
61072894,4
61072895,4
61072896,4
61072897,4
61072898,4
61072899,4
61072900,4
61072901,4
61072902,4
61072903,4
61072904,4
61072905,4
61072906,4
61072907,4
61072908,4
61072909,4
61072910,4
61072911,4
61072912,4
61072913,4
61072914,4
61072915,4
61072916,4
61072917,4
61072918,4
61072919,4
61072920,4
61072921,4
61072922,4
61072923,4
61072924,4
61072925,4
61072926,4
61072927,4
61072928,4
61072929,4
61072930,4
61072931,4
61072932,4
61072933,4
61072934,4
61072935,4
61072936,4
61072937,4
61072938,4
61072939,4
61072940,4
61072941,4
61072942,4
61072943,4
61072944,4
61072945,4
61072946,4
61072947,4
61072948,4
61072949,4
61072950,4
61072951,4
61072952,4
61072953,4
61072954,4
61072955,4
61072956,4
61072957,4
61072958,4
61072959,4
61072960,4
61072961,4
61072962,4
61072963,4
61072964,4
61072965,4
61072966,4
61072967,4
61072968,4
61072969,4
61072970,4
61072971,4
61072972,4
61072973,4
61072974,4
61072975,4
61072976,4
61072977,4
61072978,4
61072979,4
61072980,4
61072981,4
61072982,4
61072983,4
61072984,4
61072985,4
61072986,4
61072987,4
61072988,4
61072989,4
61072990,4
61072991,4
61072992,4
61072993,4
61072994,4
61072995,4
61072996,4
61072997,4
61072998,4
61072999,4
61073000,4
61073001,4
61073002,4
61073003,4
61073004,4
61073005,4
61073006,4
61073007,4
61073008,4
61073009,4
61073010,4
61073011,4
61073012,4
61073013,4
61073014,4
61073015,4
61073016,4
61073017,4
61073018,4
61073019,4
61073020,4
61073021,4
61073022,4
61073023,4
61073024,4
61073025,4
61073026,4
61073027,4
61073028,4
61073029,4
61073030,4
61073031,4
61073032,4
61073033,4
61073034,4
61073035,4
61073036,4
61073037,4
61073038,4
61073039,4
61073040,4
61073041,4
61073042,4
61073043,4
61073044,4
61073045,4
61073046,4
61073047,4
61073048,4
61073049,4
61073050,4
61073051,4
61073052,4
61073053,4
61073054,4
61073055,4
61073056,4
61073057,4
61073058,4
61073059,4
61073060,4
61073061,4
61073062,4
61073063,4
61073064,4
61073065,4
61073066,4
61073067,4
61073068,4
61073069,4
61073070,4
61073071,4
61073072,4
61073073,4
61073074,4
61073075,4
61073076,4
61073077,4
61073078,4
61073079,4
61073080,4
61073081,4
61073082,4
61073083,4
61073084,4
61073085,4
61073086,4
61073087,4
61073088,4
61073089,4
61073090,4
61073091,4
61073092,4
61073093,4
61073094,4
61073095,4
61073096,4
61073097,4
61073098,4
61073099,4
61073100,4
61073101,4
61073102,4
61073103,4
61073104,4
61073105,4
61073106,4
61073107,4
61073108,4
61073109,4
61073110,4
61073111,4
61073112,4
61073113,4
61073114,4
61073115,4
61073116,4
61073117,4
61073118,4
61073119,4
61073120,4
61073121,4
61073122,4
61073123,4
61073124,4
61073125,4
61073126,4
61073127,4
61073128,4
61073129,4
61073130,4
61073131,4
61073132,4
61073133,4
61073134,4
61073135,4
61073136,4
61073137,4
61073138,4
61073139,4
61073140,4
61073141,4
61073142,4
61073143,4
61073144,4
61073145,4
61073146,4
61073147,4
61073148,4
61073149,4
61073150,4
61073151,4
61073152,4
61073153,4
61073154,4
61073155,4
61073156,4
61073157,4
61073158,4
61073159,4
61073160,4
61073161,4
61073162,4
61073163,4
61073164,4
61073165,4
61073166,4
61073167,4
61073168,4
61073169,4
61073170,4
61073171,4
61073172,4
61073173,4
61073174,4
61073175,4
61073176,4
61073177,4
61073178,4
61073179,4
61073180,4
61073181,4
61073182,4
61073183,4
61073184,4
61073185,4
61073186,4
61073187,4
61073188,4
61073189,4
61073190,4
61073191,4
61073192,4
61073193,4
61073194,4
61073195,4
61073196,4
61073197,4
61073198,4
61073199,4
61073200,4
61073201,4
61073202,4
61073203,4
61073204,4
61073205,4
61073206,4
61073207,4
61073208,4
61073209,4
61073210,4
61073211,4
61073212,4
61073213,4
61073214,4
61073215,4
61073216,4
61073217,4
61073218,4
61073219,4
61073220,4
61073221,4
61073222,4
61073223,4
61073224,4
61073225,4
61073226,4
61073227,4
61073228,4
61073229,4
61073230,4
61073231,4
61073232,4
61073233,4
61073234,4
61073235,4
61073236,4
61073237,4
61073238,4
61073239,4
61073240,4
61073241,4
61073242,4
61073243,4
61073244,4
61073245,4
61073246,4
61073247,4
61073248,4
61073249,4
61073250,4
61073251,4
61073252,4
61073253,4
61073254,4
61073255,4
61073256,4
61073257,4
61073258,4
61073259,4
61073260,4
61073261,4
61073262,4
61073263,4
61073264,4
61073265,4
61073266,4
61073267,4
61073268,4
61073269,4
61073270,4
61073271,4
61073272,4
61073273,4
61073274,4
61073275,4
61073276,4
61073277,4
61073278,4
61073279,4
61073280,4
61073281,4
61073282,4
61073283,4
61073284,4
61073285,4
61073286,4
61073287,4
61073288,4
61073289,4
61073290,4
61073291,4
61073292,4
61073293,4
61073294,4
61073295,4
61073296,4
61073297,4
61073298,4
61073299,4
61073300,4
61073301,4
61073302,4
61073303,4
61073304,4
61073305,4
61073306,4
61073307,4
61073308,4
61073309,4
61073310,4
61073311,4
61073312,4
61073313,4
61073314,4
61073315,4
61073316,4
61073317,4
61073318,4
61073319,4
61073320,4
61073321,4
61073322,4
61073323,4
61073324,4
61073325,4
61073326,4
61073327,4
61073328,4
61073329,4
61073330,4
61073331,4
61073332,4
61073333,4
61073334,4
61073335,4
61073336,4
61073337,4
61073338,4
61073339,4
61073340,4
61073341,4
61073342,4
61073343,4
61073344,4
61073345,4
61073346,4
61073347,4
61073348,4
61073349,4
61073350,4
61073351,4
61073352,4
61073353,4
61073354,4
61073355,4
61073356,4
61073357,4
61073358,4
61073359,4
61073360,4
61073361,4
61073362,4
61073363,4
61073364,4
61073365,4
61073366,4
61073367,4
61073368,4
61073369,4
61073370,4
61073371,4
61073372,4
61073373,4
61073374,4
61073375,4
61073376,4
61073377,4
61073378,4
61073379,4
61073380,4
61073381,4
61073382,4
61073383,4
61073384,4
61073385,4
61073386,4
61073387,4
61073388,4
61073389,4
61073390,4
61073391,4
61073392,4
61073393,4
61073394,4
61073395,4
61073396,4
61073397,4
61073398,4
61073399,4
61073400,4
61073401,4
61073402,4
61073403,4
61073404,4
61073405,4
61073406,4
61073407,4
61073408,4
61073409,4
61073410,4
61073411,4
61073412,4
61073413,4
61073414,4
61073415,4
61073416,4
61073417,4
61073418,4
61073419,4
61073420,4
61073421,4
61073422,4
61073423,4
61073424,4
61073425,4
61073426,4
61073427,4
61073428,4
61073429,4
61073430,4
61073431,4
61073432,4
61073433,4
61073434,4
61073435,4
61073436,4
61073437,4
61073438,4
61073439,4
61073440,4
61073441,4
61073442,4
61073443,4
61073444,4
61073445,4
61073446,4
61073447,4
61073448,4
61073449,4
61073450,4
61073451,4
61073452,4
61073453,4
61073454,4
61073455,4
61073456,4
61073457,4
61073458,4
61073459,4
61073460,4
61073461,4
61073462,4
61073463,4
61073464,4
61073465,4
61073466,4
61073467,4
61073468,4
61073469,4
61073470,4
61073471,4
61073472,4
61073473,4
61073474,4
61073475,4
61073476,4
61073477,4
61073478,4
61073479,4
61073480,4
61073481,4
61073482,4
61073483,4
61073484,4
61073485,4
61073486,4
61073487,4
61073488,4
61073489,4
61073490,4
61073491,4
61073492,4
61073493,4
61073494,4
61073495,4
61073496,4
61073497,4
61073498,4
61073499,4
61073500,4
61073501,4
61073502,4
61073503,4
61073504,4
61073505,4
61073506,4
61073507,4
61073508,4
61073509,4
61073510,4
61073511,4
61073512,4
61073513,4
61073514,4
61073515,4
61073516,4
61073517,4
61073518,4
61073519,4
61073520,4
61073521,4
61073522,4
61073523,4
61073524,4
61073525,4
61073526,4
61073527,4
61073528,4
61073529,4
61073530,4
61073531,4
61073532,4
61073533,4
61073534,4
61073535,4
61073536,4
61073537,4
61073538,4
61073539,4
61073540,4
61073541,4
61073542,4
61073543,4
61073544,4
61073545,4
61073546,4
61073547,4
61073548,4
61073549,4
61073550,4
61073551,4
61073552,4
61073553,4
61073554,4
61073555,4
61073556,4
61073557,4
61073558,4
61073559,4
61073560,4
61073561,4
61073562,4
61073563,4
61073564,4
61073565,4
61073566,4
61073567,4
61073568,4
61073569,4
61073570,4
61073571,4
61073572,4
61073573,4
61073574,4
61073575,4
61073576,4
61073577,4
61073578,4
61073579,4
61073580,4
61073581,4
61073582,4
61073583,4
61073584,4
61073585,4
61073586,4
61073587,4
61073588,4
61073589,4
61073590,4
61073591,4
61073592,4
61073593,4
61073594,4
61073595,4
61073596,4
61073597,4
61073598,4
61073599,4
61073600,4
61073601,4
61073602,4
61073603,4
61073604,4
61073605,4
61073606,4
61073607,4
61073608,4
61073609,4
61073610,4
61073611,4
61073612,4
61073613,4
61073614,4
61073615,4
61073616,4
61073617,4
61073618,4
61073619,4
61073620,4
61073621,4
61073622,4
61073623,4
61073624,4
61073625,4
61073626,4
61073627,4
61073628,4
61073629,4
61073630,4
61073631,4
61073632,4
61073633,4
61073634,4
61073635,4
61073636,4
61073637,4
61073638,4
61073639,4
61073640,4
61073641,4
61073642,4
61073643,4
61073644,4
61073645,4
61073646,4
61073647,4
61073648,4
61073649,4
61073650,4
61073651,4
61073652,4
61073653,4
61073654,4
61073655,4
61073656,4
61073657,4
61073658,4
61073659,4
61073660,4
61073661,4
61073662,4
61073663,4
61073664,4
61073665,4
61073666,4
61073667,4
61073668,4
61073669,4
61073670,4
61073671,4
61073672,4
61073673,4
61073674,4
61073675,4
61073676,4
61073677,4
61073678,4
61073679,4
61073680,4
61073681,4
61073682,4
61073683,4
61073684,4
61073685,4
61073686,4
61073687,4
61073688,4
61073689,4
61073690,4
61073691,4
61073692,4
61073693,4
61073694,4
61073695,4
61073696,4
61073697,4
61073698,4
61073699,4
61073700,4
61073701,4
61073702,4
61073703,4
61073704,4
61073705,4
61073706,4
61073707,4
61073708,4
61073709,4
61073710,4
61073711,4
61073712,4
61073713,4
61073714,4
61073715,4
61073716,4
61073717,4
61073718,4
61073719,4
61073720,4
61073721,4
61073722,4
61073723,4
61073724,4
61073725,4
61073726,4
61073727,4
61073728,4
61073729,4
61073730,4